timestamp,signal_type,entry_price,stop_loss,tp1,tp2,tp3,strength_score,confluence_factors,rr1,rr2,rr3
2025-01-07 11:00:00,Strong Sell,100830.86,100374.83729999998,101150.07589000001,101241.28043000001,101332.48497000002,Strong,"['High Volume', 'Strong Trend', 'Supply Zone', 'London Session']",0.7,0.9,1.1
2025-01-07 14:00:00,Strong Sell,99979.69,99978.12192499998,99980.78765250002,99981.10126750002,99981.41488250002,Strong,"['High Volume', 'Strong Trend', 'Supply Zone', 'Session Overlap']",0.7,0.9,1.1
2025-01-07 15:00:00,Strong Sell,97952.26,97742.2185833333,98099.28899166668,98141.29727500002,98183.30555833335,Strong,"['High Volume', 'Strong Trend', 'Supply Zone', 'Session Overlap']",0.7,0.9,1.1
2025-01-07 16:00:00,Strong Sell,97733.58,97331.71840499999,98014.88311650002,98095.2554355,98175.62775450002,Strong,"['High Volume', 'Strong Trend', 'Supply Zone', 'Session Overlap']",0.7,0.9,1.1
2025-01-08 14:00:00,Strong Buy,95288.01,94168.12335,96071.93065499999,96295.907985,96519.88531499999,Strong,"['High Volume', 'Strong Trend', 'Session Overlap']",0.7,0.9,1.1
2025-01-08 15:00:00,Strong Buy,95493.77,94168.12335,96421.722655,96686.85198500002,96951.98131500001,Strong,"['High Volume', 'Strong Trend', 'Bullish Engulfing', 'Demand Zone', 'Session Overlap']",0.7,0.9,1.1
2025-01-08 17:00:00,Strong Buy,94030.82,93044.17334000001,94721.472662,94918.80199400001,95116.131326,Strong,"['High Volume', 'Strong Trend', 'Hammer Pattern', 'NY Session']",0.7,0.9,1.1
2025-01-16 14:00:00,Strong Sell,97618.89,97331.71840499999,97819.9101165,97877.34443550001,97934.7787545,Strong,"['High Volume', 'Strong Trend', 'Supply Zone', 'Session Overlap']",0.7,0.9,1.1
2025-01-17 14:00:00,Strong Buy,103378.95,102203.55761666666,104201.72466833334,104436.803145,104671.88162166667,Strong,"['High Volume', 'Strong Trend', 'Demand Zone', 'Session Overlap']",0.7,0.9,1.1
2025-01-17 15:00:00,Strong Buy,104000.0,102530.82117142857,105028.42518,105322.26094571428,105616.09671142857,Strong,"['High Volume', 'Strong Trend', 'Demand Zone', 'Session Overlap']",0.7,0.9,1.1
2025-01-17 16:00:00,Strong Buy,104972.81,103650.46892777778,105898.44875055554,106162.916965,106427.38517944443,Strong,"['High Volume', 'Strong Trend', 'Demand Zone', 'Session Overlap']",0.7,0.9,1.1
2025-01-23 14:00:00,Strong Buy,105213.5,104046.0181875,106030.73726875,106264.23363125,106497.72999375,Strong,"['High Volume', 'Strong Trend', 'Demand Zone', 'Session Overlap']",0.7,0.9,1.1
2025-01-23 15:00:00,Strong Buy,105263.52,104046.0181875,106115.77126875,106359.27163125001,106602.77199375001,Strong,"['High Volume', 'Strong Trend', 'Demand Zone', 'Session Overlap']",0.7,0.9,1.1
2025-01-24 17:00:00,Strong Buy,106458.46,105039.3266875,107451.85331875001,107735.67998125001,108019.50664375002,Strong,"['Strong Trend', 'Bullish Engulfing', 'NY Session']",0.7,0.9,1.1
2025-01-27 13:00:00,Strong Sell,100483.99,100374.83729999998,100560.39689000002,100582.22743000003,100604.05797000002,Strong,"['High Volume', 'Strong Trend', 'Supply Zone', 'London Session']",0.7,0.9,1.1
2025-01-30 15:00:00,Strong Sell,105564.0,105419.24496666664,105665.32852333336,105694.27953000003,105723.2305366667,Strong,"['High Volume', 'Strong Trend', 'Supply Zone', 'Session Overlap']",0.7,0.9,1.1
2025-01-30 20:00:00,Strong Sell,104907.15,104664.14514,105077.253402,105125.85437399999,105174.455346,Strong,"['Strong Trend', 'Bearish Engulfing', 'NY Session']",0.7,0.9,1.1
2025-02-02 11:00:00,Strong Sell,98864.6,98513.74312500001,99110.19981250001,99180.3711875,99250.5425625,Strong,"['High Volume', 'Strong Trend', 'Supply Zone', 'London Session']",0.7,0.9,1.1
2025-02-02 12:00:00,Strong Sell,98178.0,97742.2185833333,98483.04699166669,98570.20327500002,98657.35955833337,Strong,"['High Volume', 'Strong Trend', 'Supply Zone', 'London Session']",0.7,0.9,1.1
2025-02-02 17:00:00,Strong Sell,97228.85,97038.61443947368,97362.01489236843,97400.0620044737,97438.10911657897,Strong,"['High Volume', 'Strong Trend', 'Supply Zone', 'NY Session']",0.7,0.9,1.1
2025-02-02 18:00:00,Strong Sell,97087.92,96696.34132499999,97362.02507250001,97440.3408075,97518.65654250002,Strong,"['High Volume', 'Strong Trend', 'Supply Zone', 'NY Session']",0.7,0.9,1.1
2025-02-03 15:00:00,Strong Buy,98842.0,97460.75123125,99808.874138125,100085.123891875,100361.37364562499,Strong,"['High Volume', 'Strong Trend', 'Demand Zone', 'Session Overlap']",0.7,0.9,1.1
2025-02-17 11:00:00,Strong Sell,96063.18,95703.06779062499,96315.25854656249,96387.2809884375,96459.3034303125,Strong,"['High Volume', 'Strong Trend', 'Supply Zone', 'London Session']",0.7,0.9,1.1
2025-02-17 14:00:00,Strong Buy,96799.99,95653.17899411765,97602.75770411766,97832.11990529412,98061.48210647059,Strong,"['High Volume', 'Strong Trend', 'Demand Zone', 'Session Overlap']",0.7,0.9,1.1
2025-02-21 15:00:00,Strong Sell,98104.04,97742.2185833333,98357.31499166667,98429.67927500002,98502.04355833335,Strong,"['High Volume', 'Strong Trend', 'Supply Zone', 'Session Overlap']",0.7,0.9,1.1
2025-02-21 17:00:00,Strong Sell,96971.9,96696.34132499999,97164.7910725,97219.9028075,97275.01454250001,Strong,"['High Volume', 'Strong Trend', 'Supply Zone', 'NY Session']",0.7,0.9,1.1
2025-02-21 18:00:00,Strong Sell,96543.52,96342.74156666665,96684.06490333335,96724.22059000003,96764.37627666669,Strong,"['High Volume', 'Strong Trend', 'Supply Zone', 'NY Session']",0.7,0.9,1.1
2025-02-21 19:00:00,Strong Sell,95285.11,94882.50626999998,95566.93261100001,95647.45335700002,95727.97410300002,Strong,"['High Volume', 'Strong Trend', 'Supply Zone', 'NY Session']",0.7,0.9,1.1
2025-02-21 20:00:00,Strong Sell,95066.25,94882.50626999998,95194.870611,95231.61935700002,95268.36810300002,Strong,"['High Volume', 'Strong Trend', 'Supply Zone', 'NY Session']",0.7,0.9,1.1
2025-02-25 09:00:00,Strong Sell,88303.73,87950.34389999998,88551.10027000001,88621.77749000001,88692.45471000002,Strong,"['Strong Trend', 'Bearish Engulfing', 'London Session']",0.7,0.9,1.1
2025-02-25 14:00:00,Strong Sell,87157.25,87017.12803499999,87255.33537550001,87283.35976850001,87311.38416150001,Strong,"['High Volume', 'Strong Trend', 'Supply Zone', 'Session Overlap']",0.7,0.9,1.1
2025-02-26 14:00:00,Strong Buy,87621.22,86577.35932142856,88351.922475,88560.6946107143,88769.46674642857,Strong,"['High Volume', 'Strong Trend', 'Hammer Pattern', 'Demand Zone', 'Session Overlap']",0.7,0.9,1.1
2025-02-26 16:00:00,Strong Sell,86805.99,86637.77369999999,86923.74141000002,86957.38467000001,86991.02793000003,Strong,"['High Volume', 'Strong Trend', 'Supply Zone', 'Session Overlap']",0.7,0.9,1.1
2025-02-26 18:00:00,Strong Sell,84258.94,83889.10288749999,84517.82597875001,84591.79340125002,84665.76082375001,Strong,"['High Volume', 'Strong Trend', 'Supply Zone', 'NY Session']",0.7,0.9,1.1
2025-02-26 19:00:00,Strong Sell,83856.99,83889.10288749999,83834.51097875001,83828.08840125002,83821.66582375002,Strong,"['High Volume', 'Strong Trend', 'Supply Zone', 'NY Session']",0.7,0.9,1.1
2025-02-27 15:00:00,Strong Buy,85500.84,84313.0122357143,86332.31943499998,86569.88498785712,86807.45054071427,Strong,"['High Volume', 'Strong Trend', 'Demand Zone', 'Session Overlap']",0.7,0.9,1.1
2025-03-03 14:00:00,Strong Sell,89278.88,88985.98634999999,89483.90555500002,89542.48428500001,89601.06301500002,Strong,"['High Volume', 'Strong Trend', 'Supply Zone', 'Session Overlap']",0.7,0.9,1.1
2025-03-03 18:00:00,Strong Sell,87132.8,87017.12803499999,87213.77037550001,87236.90476850001,87260.03916150003,Strong,"['High Volume', 'Strong Trend', 'Supply Zone', 'NY Session']",0.7,0.9,1.1
2025-03-03 19:00:00,Strong Sell,85606.0,85363.38646499999,85775.8294745,85824.35218150001,85872.87488850001,Strong,"['High Volume', 'Strong Trend', 'Supply Zone', 'NY Session']",0.7,0.9,1.1
2025-03-04 14:00:00,Strong Buy,83201.41,82187.32392777778,83911.27025055556,84114.087465,84316.90467944446,Strong,"['High Volume', 'Strong Trend', 'Session Overlap']",0.7,0.9,1.1
2025-03-04 19:00:00,Strong Buy,88206.19,87763.03373000001,88516.399389,88605.03064299999,88693.661897,Strong,"['High Volume', 'Strong Trend', 'Demand Zone', 'NY Session']",0.7,0.9,1.1
2025-03-09 12:00:00,Strong Sell,84599.99,84320.81423076922,84795.41303846156,84851.24819230771,84907.08334615387,Strong,"['High Volume', 'Strong Trend', 'Supply Zone', 'London Session']",0.7,0.9,1.1
2025-03-09 13:00:00,Strong Sell,83489.95,83257.91473125,83652.374688125,83698.78174187499,83745.188795625,Strong,"['High Volume', 'Strong Trend', 'Supply Zone', 'London Session']",0.7,0.9,1.1
2025-03-09 15:00:00,Strong Sell,83080.41,82774.15600714285,83294.78779500001,83356.03859357144,83417.28939214286,Strong,"['High Volume', 'Strong Trend', 'Bearish Engulfing', 'Supply Zone', 'Session Overlap']",0.7,0.9,1.1
2025-03-09 16:00:00,Strong Sell,82496.01,82774.15600714285,82301.307795,82245.67859357141,82190.04939214286,Strong,"['High Volume', 'Strong Trend', 'Supply Zone', 'Session Overlap']",0.7,0.9,1.1
2025-03-09 17:00:00,Strong Sell,82366.0,82774.15600714285,82080.29079500001,81998.65959357143,81917.02839214286,Strong,"['High Volume', 'Strong Trend', 'Supply Zone', 'NY Session']",0.7,0.9,1.1
2025-03-19 15:00:00,Strong Buy,84733.05,83868.09087857144,85338.521385,85511.51320928571,85684.50503357142,Strong,"['High Volume', 'Strong Trend', 'Demand Zone', 'Session Overlap']",0.7,0.9,1.1
2025-03-19 18:00:00,Strong Buy,85612.25,84669.55153333333,86272.13892666667,86460.67862,86649.21831333333,Strong,"['High Volume', 'Strong Trend', 'Demand Zone', 'NY Session']",0.7,0.9,1.1
2025-03-20 15:00:00,Strong Sell,84691.76,84320.81423076922,84951.42203846153,85025.6111923077,85099.80034615385,Strong,"['High Volume', 'Strong Trend', 'Supply Zone', 'Session Overlap']",0.7,0.9,1.1
2025-03-20 16:00:00,Strong Sell,83802.01,83889.10288749999,83741.04497875,83723.62640125,83706.20782375,Strong,"['High Volume', 'Strong Trend', 'Supply Zone', 'Session Overlap']",0.7,0.9,1.1
2025-03-24 08:00:00,Strong Buy,87416.35,86214.15703,88257.88507900001,88498.323673,88738.76226700001,Strong,"['High Volume', 'Strong Trend', 'Demand Zone', 'London Session']",0.7,0.9,1.1
2025-03-24 10:00:00,Strong Buy,87801.27,86577.35932142856,88658.007475,88902.7896107143,89147.57174642858,Strong,"['High Volume', 'Strong Trend', 'Demand Zone', 'London Session']",0.7,0.9,1.1
2025-03-24 13:00:00,Strong Buy,87704.46,86577.35932142856,88493.43047500002,88718.8506107143,88944.27074642859,Strong,"['High Volume', 'Strong Trend', 'Bullish Engulfing', 'Demand Zone', 'London Session']",0.7,0.9,1.1
2025-03-24 15:00:00,Strong Buy,88350.01,87763.03373000001,88760.89338899999,88878.28864299998,88995.68389699998,Strong,"['High Volume', 'Strong Trend', 'Demand Zone', 'Session Overlap']",0.7,0.9,1.1
2025-03-28 13:00:00,Strong Sell,84994.0,84736.3414852941,85174.36096029413,85225.89266323531,85277.42436617648,Strong,"['High Volume', 'Strong Trend', 'Supply Zone', 'London Session']",0.7,0.9,1.1
2025-03-28 14:00:00,Strong Sell,84172.01,83889.10288749999,84370.04497875,84426.62640125,84483.20782375,Strong,"['High Volume', 'Strong Trend', 'Supply Zone', 'Session Overlap']",0.7,0.9,1.1
2025-03-28 15:00:00,Strong Sell,84051.16,83889.10288749999,84164.59997875002,84197.01140125001,84229.42282375002,Strong,"['High Volume', 'Strong Trend', 'Supply Zone', 'Session Overlap']",0.7,0.9,1.1
2025-03-31 12:00:00,Strong Buy,82768.74,81643.86730999999,83556.15088300002,83781.12542100002,84006.09995900003,Strong,"['High Volume', 'Strong Trend', 'Demand Zone', 'London Session']",0.7,0.9,1.1
2025-03-31 13:00:00,Strong Buy,82507.99,81643.86730999999,83112.87588300002,83285.70042100002,83458.52495900003,Strong,"['High Volume', 'Strong Trend', 'Hammer Pattern', 'London Session']",0.7,0.9,1.1
2025-03-31 14:00:00,Strong Buy,83499.18,82758.48131153847,84017.66908192306,84165.80881961535,84313.94855730767,Strong,"['High Volume', 'Strong Trend', 'Demand Zone', 'Session Overlap']",0.7,0.9,1.1
2025-04-12 20:00:00,Strong Buy,85517.29,84313.0122357143,86360.28443499998,86601.13998785712,86841.99554071426,Strong,"['Strong Trend', 'Bullish Engulfing', 'NY Session']",0.7,0.9,1.1
2025-04-21 14:00:00,Strong Buy,88208.37,87763.03373000001,88520.10538899999,88609.17264299998,88698.23989699998,Strong,"['High Volume', 'Strong Trend', 'Bullish Engulfing', 'Demand Zone', 'Session Overlap']",0.7,0.9,1.1
2025-04-22 14:00:00,Strong Buy,90797.73,90736.26221666666,90840.75744833333,90853.051005,90865.34456166667,Strong,"['High Volume', 'Strong Trend', 'Demand Zone', 'Session Overlap']",0.7,0.9,1.1
2025-04-22 15:00:00,Strong Buy,90934.61,90736.26221666666,91073.45344833334,91113.12300500002,91152.79256166668,Strong,"['High Volume', 'Strong Trend', 'Demand Zone', 'Session Overlap']",0.7,0.9,1.1
2025-04-23 13:00:00,Strong Sell,93020.22,94129.16764999999,92243.95664500001,92022.16711500002,91800.37758500001,Strong,"['High Volume', 'Strong Trend', 'Supply Zone', 'London Session']",0.7,0.9,1.1
2025-05-04 13:00:00,Strong Sell,95369.37,95239.75269230768,95460.10211538462,95486.02557692307,95511.94903846155,Strong,"['High Volume', 'Strong Trend', 'Supply Zone', 'London Session']",0.7,0.9,1.1
2025-05-08 08:00:00,Strong Buy,99666.66,98206.74590714286,100688.599865,100980.58268357144,101272.56550214287,Strong,"['High Volume', 'Strong Trend', 'Demand Zone', 'London Session']",0.7,0.9,1.1
2025-05-08 15:00:00,Strong Buy,100758.08,99806.61588333333,101424.10488166667,101614.39770500001,101804.69052833333,Strong,"['High Volume', 'Strong Trend', 'Demand Zone', 'Session Overlap']",0.7,0.9,1.1
2025-05-08 20:00:00,Strong Buy,102607.8,101735.35934615384,103218.50845769231,103392.99658846155,103567.48471923078,Strong,"['High Volume', 'Strong Trend', 'Demand Zone', 'NY Session']",0.7,0.9,1.1
2025-05-09 08:00:00,Strong Sell,102968.25,102766.80541666666,103109.26120833334,103149.55012500001,103189.83904166668,Strong,"['High Volume', 'Strong Trend', 'Supply Zone', 'London Session']",0.7,0.9,1.1
2025-05-09 14:00:00,Strong Sell,103155.99,102766.80541666666,103428.41920833335,103506.25612500001,103584.0930416667,Strong,"['Strong Trend', 'Session Overlap']",0.7,0.9,1.1
2025-05-10 17:00:00,Strong Sell,103176.88,102766.80541666666,103463.93220833335,103545.94712500002,103627.96204166669,Strong,"['High Volume', 'Strong Trend', 'Supply Zone', 'NY Session']",0.7,0.9,1.1
2025-05-15 09:00:00,Strong Sell,101823.39,102102.51269999998,101628.00411000001,101572.17957000002,101516.35503000002,Strong,"['High Volume', 'Strong Trend', 'Supply Zone', 'London Session']",0.7,0.9,1.1
2025-05-15 13:00:00,Strong Sell,102133.49,102102.51269999998,102155.17411000002,102161.36957000002,102167.56503000004,Strong,"['High Volume', 'Strong Trend', 'Bearish Engulfing', 'Supply Zone', 'London Session']",0.7,0.9,1.1
2025-05-18 16:00:00,Strong Buy,105822.22,104359.69387222223,106845.98828944445,107138.493515,107430.99874055556,Strong,"['High Volume', 'Strong Trend', 'Demand Zone', 'Session Overlap']",0.7,0.9,1.1
2025-05-24 10:00:00,Strong Buy,109094.99,107950.79838235294,109895.92413235296,110124.76245588237,110353.60077941178,Strong,"['High Volume', 'Strong Trend', 'Demand Zone', 'London Session']",0.7,0.9,1.1
2025-05-25 08:00:00,Strong Sell,107109.41,106590.57781071428,107472.59253250001,107576.35897035715,107680.1254082143,Strong,"['High Volume', 'Strong Trend', 'Supply Zone', 'London Session']",0.7,0.9,1.1
2025-05-25 10:00:00,Strong Sell,106946.4,106590.57781071428,107195.47553249999,107266.63997035714,107337.80440821427,Strong,"['Strong Trend', 'Bearish Engulfing', 'London Session']",0.7,0.9,1.1
2025-05-25 15:00:00,Strong Sell,106967.97,106590.57781071428,107232.14453250001,107307.62297035714,107383.1014082143,Strong,"['High Volume', 'Strong Trend', 'Supply Zone', 'Session Overlap']",0.7,0.9,1.1
2025-05-26 16:00:00,Strong Sell,109391.37,109064.20225714285,109620.38742,109685.82096857142,109751.25451714285,Strong,"['High Volume', 'Strong Trend', 'Bearish Engulfing', 'Supply Zone', 'Session Overlap']",0.7,0.9,1.1
2025-05-28 15:00:00,Strong Sell,107107.31,106590.57781071428,107469.02253249999,107572.36897035714,107675.71540821428,Strong,"['High Volume', 'Strong Trend', 'Supply Zone', 'Session Overlap']",0.7,0.9,1.1
2025-06-10 13:00:00,Strong Sell,109305.28,109064.20225714285,109474.03442,109522.24996857143,109570.46551714286,Strong,"['High Volume', 'Strong Trend', 'Supply Zone', 'London Session']",0.7,0.9,1.1
2025-06-10 14:00:00,Strong Sell,108620.01,108232.1821392857,108891.4895025,108969.05507464286,109046.62064678573,Strong,"['High Volume', 'Strong Trend', 'Supply Zone', 'Session Overlap']",0.7,0.9,1.1
2025-06-16 19:00:00,Strong Buy,108652.0,107383.52068181819,109539.93552272726,109793.63138636363,110047.32724999999,Strong,"['High Volume', 'Strong Trend', 'Demand Zone', 'NY Session']",0.7,0.9,1.1
2025-06-17 14:00:00,Strong Sell,104847.33,104340.82189999998,105201.88567000002,105303.18729000002,105404.48891000003,Strong,"['High Volume', 'Strong Trend', 'Supply Zone', 'Session Overlap']",0.7,0.9,1.1
2025-06-17 15:00:00,Strong Sell,104241.63,103922.15277857143,104465.264055,104529.15949928573,104593.05494357143,Strong,"['High Volume', 'Strong Trend', 'Supply Zone', 'Session Overlap']",0.7,0.9,1.1
2025-06-17 16:00:00,Strong Sell,103630.67,103235.6862125,103907.15865124999,103986.15540875,104065.15216624999,Strong,"['High Volume', 'Strong Trend', 'Supply Zone', 'Session Overlap']",0.7,0.9,1.1
2025-06-22 15:00:00,Strong Sell,98906.21,98513.74312500001,99180.9368125,99259.43018750001,99337.9235625,Strong,"['High Volume', 'Strong Trend', 'Supply Zone', 'Session Overlap']",0.7,0.9,1.1
2025-06-25 13:00:00,Strong Buy,107923.21,106712.49519444443,108770.71036388891,109012.85332500002,109254.99628611114,Strong,"['High Volume', 'Strong Trend', 'Demand Zone', 'London Session']",0.7,0.9,1.1
2025-06-26 13:00:00,Strong Sell,106960.01,106590.57781071428,107218.61253249999,107292.49897035713,107366.38540821428,Strong,"['High Volume', 'Strong Trend', 'Supply Zone', 'London Session']",0.7,0.9,1.1
2025-07-02 16:00:00,Strong Buy,109413.02,107950.79838235294,110436.57513235295,110729.01945588237,111021.46377941177,Strong,"['High Volume', 'Strong Trend', 'Demand Zone', 'Session Overlap']",0.7,0.9,1.1
2025-07-02 19:00:00,Strong Buy,109676.14,108394.26321000002,110573.45375299998,110829.82911099998,111086.20446899997,Strong,"['High Volume', 'Strong Trend', 'Demand Zone', 'NY Session']",0.7,0.9,1.1
2025-07-03 12:00:00,Strong Sell,109167.99,108668.66747,109517.515771,109617.380277,109717.24478300002,Strong,"['High Volume', 'Strong Trend', 'Supply Zone', 'London Session']",0.7,0.9,1.1
