timestamp,signal_type,entry_price,stop_loss,tp1,tp2,tp3,strength_score,confluence_factors,rr1,rr2,rr3
2025-01-08 15:00:00,Super Buy,95493.77,94168.12335,96421.722655,96686.85198500002,96951.98131500001,Super,"['High Volume', 'Strong Trend', 'Bullish Engulfing', 'Demand Zone', 'Session Overlap']",0.7,0.9,1.1
2025-02-26 14:00:00,Super Buy,87621.22,86577.35932142856,88351.922475,88560.6946107143,88769.46674642857,Super,"['High Volume', 'Strong Trend', 'Hammer Pattern', 'Demand Zone', 'Session Overlap']",0.7,0.9,1.1
2025-03-09 15:00:00,Super Sell,83080.41,82774.15600714285,83294.78779500001,83356.03859357144,83417.28939214286,Super,"['High Volume', 'Strong Trend', 'Bearish Engulfing', 'Supply Zone', 'Session Overlap']",0.7,0.9,1.1
2025-04-21 14:00:00,Super Buy,88208.37,87763.03373000001,88520.10538899999,88609.17264299998,88698.23989699998,Super,"['High Volume', 'Strong Trend', 'Bullish Engulfing', 'Demand Zone', 'Session Overlap']",0.7,0.9,1.1
2025-05-12 14:00:00,Super Sell,102799.99,102766.80541666666,102823.21920833335,102829.85612500002,102836.49304166669,Super,"['High Volume', 'Strong Trend', 'Bearish Engulfing', 'Supply Zone', 'Session Overlap']",0.7,0.9,1.1
2025-05-15 13:00:00,Super Sell,102133.49,102102.51269999998,102155.17411000002,102161.36957000002,102167.56503000004,Super,"['High Volume', 'Strong Trend', 'Bearish Engulfing', 'Supply Zone', 'London Session']",0.7,0.9,1.1
2025-05-26 16:00:00,Super Sell,109391.37,109064.20225714285,109620.38742,109685.82096857142,109751.25451714285,Super,"['High Volume', 'Strong Trend', 'Bearish Engulfing', 'Supply Zone', 'Session Overlap']",0.7,0.9,1.1
2025-06-27 14:00:00,Super Sell,106557.79,106247.65960714285,106774.88127499999,106836.90735357143,106898.93343214285,Super,"['High Volume', 'Strong Trend', 'Bearish Engulfing', 'Supply Zone', 'Session Overlap']",0.7,0.9,1.1
2025-07-01 14:00:00,Super Sell,105925.0,105419.24496666664,106279.02852333336,106380.17953000002,106481.3305366667,Super,"['High Volume', 'Strong Trend', 'Bearish Engulfing', 'Supply Zone', 'Session Overlap']",0.7,0.9,1.1
