timestamp,signal_type,entry_price,stop_loss,tp1,tp2,tp3,strength_score,confluence_factors,rr1,rr2,rr3
2025-02-28 16:00:00,Super Buy,1.038898,1.01624449375,1.0547554543750002,1.0592861556250002,1.0638168568750004,Super,"['Strong Trend', 'Bullish Engulfing', 'Session Overlap']",0.7,0.9,1.1
2025-02-26 16:00:00,Super Sell,1.049157,1.0359701517857143,1.05838779375,1.061025163392857,1.0636625330357141,Super,"['Strong Trend', 'Bearish Engulfing', 'Session Overlap']",0.7,0.9,1.1
2025-02-17 14:00:00,Super Sell,1.04946,1.0359701517857143,1.05890289375,1.0616008633928573,1.0642988330357144,Super,"['Strong Trend', 'Bearish Engulfing', 'Session Overlap']",0.7,0.9,1.1
2025-01-31 14:00:00,Super Sell,1.038508,1.0276091499999997,1.0461371950000002,1.0483169650000002,1.0504967350000003,Super,"['Strong Trend', 'Bearish Engulfing', 'Session Overlap']",0.7,0.9,1.1
