timestamp,signal_type,entry_price,stop_loss,tp1,tp2,tp3,strength_score,confluence_factors,rr1,rr2,rr3
2025-01-04 15:00:00,Super Sell,97657.94,97331.71840499999,98147.27239250002,98473.49398750003,98962.82638000004,Super,"['High Volume', 'Bearish Engulfing', 'Supply Zone', 'Session Overlap']",1.5,2.5,4.0
2025-01-06 14:00:00,Super Buy,100737.03,99806.61588333333,102132.651175,103063.06529166666,104458.68646666667,Super,"['High Volume', 'Strong Trend', 'Demand Zone', 'Session Overlap']",1.5,2.5,4.0
2025-01-06 15:00:00,Super Buy,102147.95,100917.57223571428,103993.51664642857,105223.89441071429,107069.46105714286,Super,"['High Volume', 'Strong Trend', 'Demand Zone', 'Session Overlap']",1.5,2.5,4.0
2025-01-06 16:00:00,Super Buy,102158.67,100917.57223571428,104020.31664642858,105261.4144107143,107123.06105714287,Super,"['High Volume', 'Strong Trend', 'Demand Zone', 'Session Overlap']",1.5,2.5,4.0
2025-01-07 11:00:00,Super Sell,100830.86,100374.83729999998,101514.89405000003,101970.91675000003,102654.95080000006,Super,"['High Volume', 'Strong Trend', 'Supply Zone', 'London Session']",1.5,2.5,4.0
2025-01-07 14:00:00,Super Sell,99979.69,99978.12192499998,99982.04211250003,99983.61018750005,99985.96230000007,Super,"['High Volume', 'Strong Trend', 'Supply Zone', 'Session Overlap']",1.5,2.5,4.0
2025-01-07 15:00:00,Super Sell,97952.26,97742.2185833333,98267.32212500004,98477.36354166671,98792.42566666675,Super,"['High Volume', 'Strong Trend', 'Supply Zone', 'Session Overlap']",1.5,2.5,4.0
2025-01-07 16:00:00,Super Sell,97733.58,97331.71840499999,98336.37239250002,98738.23398750002,99341.02638000004,Super,"['High Volume', 'Strong Trend', 'Supply Zone', 'Session Overlap']",1.5,2.5,4.0
2025-01-08 14:00:00,Strong Buy,95288.01,94168.12335,96967.839975,98087.726625,99767.5566,Strong,"['High Volume', 'Strong Trend', 'Session Overlap']",1.5,2.5,4.0
2025-01-08 15:00:00,Super Buy,95493.77,94168.12335,97482.23997500002,98807.88662500003,100796.35660000004,Super,"['High Volume', 'Strong Trend', 'Bullish Engulfing', 'Demand Zone', 'Session Overlap']",1.5,2.5,4.0
2025-01-08 17:00:00,Super Buy,94030.82,93044.17334000001,95510.78999,96497.43665,97977.40664,Super,"['High Volume', 'Strong Trend', 'Hammer Pattern', 'NY Session']",1.5,2.5,4.0
2025-01-10 14:00:00,Super Buy,94115.63,93044.17334000001,95722.81499,96794.27165,98401.45663999999,Super,"['High Volume', 'Strong Trend', 'Demand Zone', 'Session Overlap']",1.5,2.5,4.0
2025-01-10 17:00:00,Strong Buy,95793.05,94533.78869285714,97681.94196071429,98941.20326785717,100830.09522857146,Strong,"['High Volume', 'Strong Trend', 'Demand Zone', 'NY Session']",1.5,2.5,4.0
2025-01-11 17:00:00,Strong Sell,94151.52,94129.16764999999,94185.04852500002,94207.40087500005,94240.92940000007,Strong,"['High Volume', 'Supply Zone', 'NY Session']",1.5,2.5,4.0
2025-01-12 09:00:00,Strong Sell,93906.22,94129.16764999999,93571.79852500002,93348.85087500003,93014.42940000005,Strong,"['High Volume', 'Supply Zone', 'London Session']",1.5,2.5,4.0
2025-01-13 08:00:00,Strong Sell,93039.1,94129.16764999999,91403.99852500003,90313.93087500005,88678.82940000008,Strong,"['High Volume', 'Supply Zone', 'London Session']",1.5,2.5,4.0
2025-01-13 09:00:00,Strong Sell,92846.79,94129.16764999999,90923.22352500001,89640.845875,87717.27940000001,Strong,"['High Volume', 'Supply Zone', 'London Session']",1.5,2.5,4.0
2025-01-14 09:00:00,Strong Buy,97159.44,96051.79632333333,98820.90551500002,99928.54919166668,101590.0147066667,Strong,"['High Volume', 'Strong Trend', 'Demand Zone', 'London Session']",1.5,2.5,4.0
2025-01-16 14:00:00,Super Sell,97618.89,97331.71840499999,98049.64739250002,98336.81898750001,98767.57638000003,Super,"['High Volume', 'Strong Trend', 'Supply Zone', 'Session Overlap']",1.5,2.5,4.0
2025-01-17 14:00:00,Super Buy,103378.95,102203.55761666666,105142.03857500001,106317.43095833334,108080.51953333335,Super,"['High Volume', 'Strong Trend', 'Demand Zone', 'Session Overlap']",1.5,2.5,4.0
2025-01-17 15:00:00,Super Buy,104000.0,102530.82117142857,106203.76824285714,107672.94707142857,109876.71531428571,Super,"['High Volume', 'Strong Trend', 'Demand Zone', 'Session Overlap']",1.5,2.5,4.0
2025-01-17 16:00:00,Super Buy,104972.81,103650.46892777778,106956.32160833332,108278.66268055554,110262.17428888887,Super,"['High Volume', 'Strong Trend', 'Demand Zone', 'Session Overlap']",1.5,2.5,4.0
2025-01-18 16:00:00,Super Sell,103253.66,102766.80541666666,103983.94187500002,104470.79645833338,105201.0783333334,Super,"['High Volume', 'Strong Trend', 'Supply Zone', 'Session Overlap']",1.5,2.5,4.0
2025-01-19 09:00:00,Super Buy,105299.81,104046.0181875,107180.49771875,108434.28953124999,110314.97725,Super,"['High Volume', 'Strong Trend', 'Bullish Engulfing', 'Demand Zone', 'London Session']",1.5,2.5,4.0
2025-01-21 15:00:00,Super Buy,103943.0,102530.82117142857,106061.26824285714,107473.44707142857,109591.71531428571,Super,"['High Volume', 'Strong Trend', 'Demand Zone', 'Session Overlap']",1.5,2.5,4.0
2025-01-22 13:00:00,Strong Sell,104073.94,103630.95913333332,104738.41130000002,105181.3921666667,105845.86346666672,Strong,"['High Volume', 'Bearish Engulfing', 'Supply Zone', 'London Session']",1.5,2.5,4.0
2025-01-22 16:00:00,Strong Sell,103704.64,103235.6862125,104408.07068124998,104877.02446875,105580.45514999998,Strong,"['High Volume', 'Supply Zone', 'Session Overlap']",1.5,2.5,4.0
2025-01-23 14:00:00,Super Buy,105213.5,104046.0181875,106964.72271875001,108132.20453125,109883.42725000001,Super,"['High Volume', 'Strong Trend', 'Demand Zone', 'Session Overlap']",1.5,2.5,4.0
2025-01-23 15:00:00,Super Buy,105263.52,104046.0181875,107089.77271875001,108307.27453125002,110133.52725000003,Super,"['High Volume', 'Strong Trend', 'Demand Zone', 'Session Overlap']",1.5,2.5,4.0
2025-01-24 14:00:00,Strong Buy,105758.0,104359.69387222223,107855.45919166665,109253.76531944444,111351.2245111111,Strong,"['Strong Trend', 'Bullish Engulfing', 'Session Overlap']",1.5,2.5,4.0
2025-01-24 17:00:00,Strong Buy,106458.46,105039.3266875,108587.15996875003,110006.29328125002,112134.99325000004,Strong,"['Strong Trend', 'Bullish Engulfing', 'NY Session']",1.5,2.5,4.0
2025-01-27 13:00:00,Strong Sell,100483.99,100374.83729999998,100647.71905000004,100756.87175000005,100920.60080000009,Strong,"['High Volume', 'Strong Trend', 'Supply Zone', 'London Session']",1.5,2.5,4.0
2025-01-28 14:00:00,Super Buy,102641.99,101735.35934615384,104001.93598076925,104908.56663461542,106268.51261538466,Super,"['High Volume', 'Strong Trend', 'Demand Zone', 'Session Overlap']",1.5,2.5,4.0
2025-01-28 16:00:00,Strong Sell,102250.01,102102.51269999998,102471.25595000002,102618.75325000004,102839.99920000006,Strong,"['High Volume', 'Strong Trend', 'Supply Zone', 'Session Overlap']",1.5,2.5,4.0
2025-01-29 19:00:00,Strong Buy,103583.99,102203.55761666666,105654.63857500002,107035.07095833338,109105.7195333334,Strong,"['High Volume', 'Demand Zone', 'NY Session']",1.5,2.5,4.0
2025-01-29 20:00:00,Strong Buy,104193.93,102876.2141,106170.50384999998,107488.21974999999,109464.79359999998,Strong,"['High Volume', 'Demand Zone', 'NY Session']",1.5,2.5,4.0
2025-01-30 15:00:00,Super Sell,105564.0,105419.24496666664,105781.13255000004,105925.88758333342,106143.02013333346,Super,"['High Volume', 'Strong Trend', 'Supply Zone', 'Session Overlap']",1.5,2.5,4.0
2025-01-30 20:00:00,Strong Sell,104907.15,104664.14514,105271.65729,105514.66214999999,105879.16944,Strong,"['Strong Trend', 'Bearish Engulfing', 'NY Session']",1.5,2.5,4.0
2025-01-31 14:00:00,Strong Sell,104442.79,104340.82189999998,104595.74215,104697.71025000003,104850.66240000004,Strong,"['High Volume', 'Supply Zone', 'Session Overlap']",1.5,2.5,4.0
2025-01-31 15:00:00,Strong Buy,105464.01,104046.0181875,107590.99771874999,109008.98953124999,111135.97724999998,Strong,"['High Volume', 'Demand Zone', 'Session Overlap']",1.5,2.5,4.0
2025-01-31 20:00:00,Strong Sell,101680.02,101245.84065,102331.289025,102765.46837500003,103416.73740000003,Strong,"['High Volume', 'Supply Zone', 'NY Session']",1.5,2.5,4.0
2025-02-02 11:00:00,Strong Sell,98864.6,98513.74312500001,99390.8853125,99741.7421875,100268.0275,Strong,"['High Volume', 'Strong Trend', 'Supply Zone', 'London Session']",1.5,2.5,4.0
2025-02-02 12:00:00,Strong Sell,98178.0,97742.2185833333,98831.67212500004,99267.45354166673,99921.12566666678,Strong,"['High Volume', 'Strong Trend', 'Supply Zone', 'London Session']",1.5,2.5,4.0
2025-02-02 17:00:00,Super Sell,97228.85,97038.61443947368,97514.2033407895,97704.43890131582,97989.79224210532,Super,"['High Volume', 'Strong Trend', 'Supply Zone', 'NY Session']",1.5,2.5,4.0
2025-02-02 18:00:00,Super Sell,97087.92,96696.34132499999,97675.28801250001,98066.86668750003,98654.23470000004,Super,"['High Volume', 'Strong Trend', 'Supply Zone', 'NY Session']",1.5,2.5,4.0
2025-02-03 15:00:00,Super Buy,98842.0,97460.75123125,100913.873153125,102295.12192187499,104366.99507499998,Super,"['High Volume', 'Strong Trend', 'Demand Zone', 'Session Overlap']",1.5,2.5,4.0
2025-02-04 19:00:00,Strong Sell,98859.77,98513.74312500001,99378.81031249999,99724.8371875,100243.87749999999,Strong,"['High Volume', 'Supply Zone', 'NY Session']",1.5,2.5,4.0
2025-02-04 20:00:00,Strong Sell,98652.18,98166.84512142859,99380.1823178571,99865.5171964285,100593.51951428561,Strong,"['High Volume', 'Supply Zone', 'NY Session']",1.5,2.5,4.0
2025-02-06 18:00:00,Strong Sell,96316.84,95967.6179785714,96840.67303214289,97189.89505357147,97713.72808571436,Strong,"['High Volume', 'Supply Zone', 'NY Session']",1.5,2.5,4.0
2025-02-06 19:00:00,Strong Sell,95983.0,95703.06779062499,96402.8983140625,96682.83052343753,97102.72883750004,Strong,"['High Volume', 'Strong Trend', 'Supply Zone', 'NY Session']",1.5,2.5,4.0
2025-02-07 13:00:00,Strong Buy,98828.01,97460.75123125,100878.89815312499,102246.15692187496,104297.04507499996,Strong,"['High Volume', 'Demand Zone', 'London Session']",1.5,2.5,4.0
2025-02-07 14:00:00,Strong Buy,99710.92,98601.79691666666,101374.604625,102483.72770833335,104147.41233333336,Strong,"['High Volume', 'Demand Zone', 'Session Overlap']",1.5,2.5,4.0
2025-02-09 13:00:00,Strong Sell,95877.92,95703.06779062499,96140.19831406251,96315.05052343752,96577.32883750003,Strong,"['High Volume', 'Supply Zone', 'London Session']",1.5,2.5,4.0
2025-02-11 13:00:00,Strong Sell,96799.53,96342.74156666665,97484.71265000003,97941.50108333337,98626.6837333334,Strong,"['High Volume', 'Supply Zone', 'London Session']",1.5,2.5,4.0
2025-02-11 16:00:00,Super Sell,96365.05,95967.6179785714,96961.1980321429,97358.6300535715,97954.7780857144,Super,"['High Volume', 'Strong Trend', 'Bearish Engulfing', 'Supply Zone', 'Session Overlap']",1.5,2.5,4.0
2025-02-11 17:00:00,Strong Sell,96165.29,95703.06779062499,96858.6233140625,97320.8455234375,98014.1788375,Strong,"['High Volume', 'Strong Trend', 'Supply Zone', 'NY Session']",1.5,2.5,4.0
2025-02-11 18:00:00,Strong Sell,95469.28,95239.75269230768,95813.57096153847,96043.0982692308,96387.38923076927,Strong,"['High Volume', 'Strong Trend', 'Supply Zone', 'NY Session']",1.5,2.5,4.0
2025-02-11 19:00:00,Strong Sell,95040.82,94882.50626999998,95278.29059500004,95436.60432500007,95674.0749200001,Strong,"['High Volume', 'Strong Trend', 'Supply Zone', 'NY Session']",1.5,2.5,4.0
2025-02-12 14:00:00,Strong Buy,95628.91,94533.78869285714,97271.5919607143,98366.71326785717,100009.39522857146,Strong,"['High Volume', 'Demand Zone', 'Session Overlap']",1.5,2.5,4.0
2025-02-12 15:00:00,Strong Buy,95816.18,94533.78869285714,97739.76696071427,99022.15826785713,100945.74522857141,Strong,"['High Volume', 'Demand Zone', 'Session Overlap']",1.5,2.5,4.0
2025-02-12 16:00:00,Strong Buy,96986.14,95653.17899411765,98985.58150882352,100318.54251470586,102317.98402352938,Strong,"['High Volume', 'Demand Zone', 'Session Overlap']",1.5,2.5,4.0
2025-02-12 17:00:00,Strong Buy,97354.89,96051.79632333333,99309.530515,100612.62419166668,102567.26470666668,Strong,"['High Volume', 'Demand Zone', 'NY Session']",1.5,2.5,4.0
2025-02-14 14:00:00,Strong Buy,97290.95,96051.79632333333,99149.680515,100388.83419166667,102247.56470666667,Strong,"['High Volume', 'Demand Zone', 'Session Overlap']",1.5,2.5,4.0
2025-02-14 16:00:00,Strong Buy,97658.7,96329.22230625001,99652.91654062498,100982.39423437495,102976.61077499994,Strong,"['High Volume', 'Demand Zone', 'Session Overlap']",1.5,2.5,4.0
2025-02-14 17:00:00,Strong Buy,98526.0,97460.75123125,100123.873153125,101189.12192187499,102786.99507499998,Strong,"['High Volume', 'Demand Zone', 'NY Session']",1.5,2.5,4.0
2025-02-16 13:00:00,Strong Sell,96842.37,96696.34132499999,97061.41301250001,97207.44168750002,97426.48470000003,Strong,"['High Volume', 'Supply Zone', 'London Session']",1.5,2.5,4.0
2025-02-17 11:00:00,Strong Sell,96063.18,95703.06779062499,96603.34831406249,96963.4605234375,97503.6288375,Strong,"['High Volume', 'Strong Trend', 'Supply Zone', 'London Session']",1.5,2.5,4.0
2025-02-17 14:00:00,Super Buy,96799.99,95653.17899411765,98520.20650882352,99667.01751470589,101387.23402352941,Super,"['High Volume', 'Strong Trend', 'Demand Zone', 'Session Overlap']",1.5,2.5,4.0
2025-02-18 15:00:00,Strong Buy,95546.48,94168.12335,97614.014975,98992.371625,101059.9066,Strong,"['High Volume', 'Demand Zone', 'Session Overlap']",1.5,2.5,4.0
2025-02-18 17:00:00,Strong Sell,94102.16,94129.16764999999,94061.64852500003,94034.64087500004,93994.12940000006,Strong,"['High Volume', 'Strong Trend', 'Supply Zone', 'NY Session']",1.5,2.5,4.0
2025-02-18 18:00:00,Strong Sell,93924.03,94129.16764999999,93616.32352500001,93411.18587500002,93103.47940000004,Strong,"['High Volume', 'Strong Trend', 'Supply Zone', 'NY Session']",1.5,2.5,4.0
2025-02-20 15:00:00,Strong Sell,96903.77,96696.34132499999,97214.91301250004,97422.34168750004,97733.48470000007,Strong,"['High Volume', 'Supply Zone', 'Session Overlap']",1.5,2.5,4.0
2025-02-20 18:00:00,Strong Buy,98295.08,97053.90195,100156.847075,101398.02512500001,103259.79220000001,Strong,"['High Volume', 'Strong Trend', 'Demand Zone', 'NY Session']",1.5,2.5,4.0
2025-02-21 15:00:00,Super Sell,98104.04,97742.2185833333,98646.77212500002,99008.59354166672,99551.32566666674,Super,"['High Volume', 'Strong Trend', 'Supply Zone', 'Session Overlap']",1.5,2.5,4.0
2025-02-21 17:00:00,Super Sell,96971.9,96696.34132499999,97385.2380125,97660.79668750001,98074.13470000002,Super,"['High Volume', 'Strong Trend', 'Supply Zone', 'NY Session']",1.5,2.5,4.0
2025-02-21 18:00:00,Strong Sell,96543.52,96342.74156666665,96844.68765000004,97045.46608333339,97346.63373333342,Strong,"['High Volume', 'Strong Trend', 'Supply Zone', 'NY Session']",1.5,2.5,4.0
2025-02-21 19:00:00,Strong Sell,95285.11,94882.50626999998,95889.01559500003,96291.61932500004,96895.52492000007,Strong,"['High Volume', 'Strong Trend', 'Supply Zone', 'NY Session']",1.5,2.5,4.0
2025-02-21 20:00:00,Super Sell,95066.25,94882.50626999998,95341.86559500002,95525.60932500004,95801.22492000007,Super,"['High Volume', 'Strong Trend', 'Supply Zone', 'NY Session']",1.5,2.5,4.0
2025-02-23 12:00:00,Strong Sell,95732.93,95703.06779062499,95777.72331406249,95807.5855234375,95852.3788375,Strong,"['High Volume', 'Supply Zone', 'London Session']",1.5,2.5,4.0
2025-02-23 14:00:00,Strong Sell,95593.89,95239.75269230768,96125.09596153848,96479.2332692308,97010.43923076928,Strong,"['High Volume', 'Supply Zone', 'Session Overlap']",1.5,2.5,4.0
2025-02-23 15:00:00,Strong Sell,95436.18,95239.75269230768,95730.82096153847,95927.24826923077,96221.88923076924,Strong,"['High Volume', 'Supply Zone', 'Session Overlap']",1.5,2.5,4.0
2025-02-23 16:00:00,Strong Sell,95420.5,95239.75269230768,95691.62096153849,95872.36826923079,96143.48923076928,Strong,"['High Volume', 'Strong Trend', 'Supply Zone', 'Session Overlap']",1.5,2.5,4.0
2025-02-24 15:00:00,Super Sell,94323.95,94129.16764999999,94616.123525,94810.90587500003,95103.07940000003,Super,"['High Volume', 'Strong Trend', 'Supply Zone', 'Session Overlap']",1.5,2.5,4.0
2025-02-25 09:00:00,Strong Sell,88303.73,87950.34389999998,88833.80915000002,89187.19525000005,89717.27440000007,Strong,"['Strong Trend', 'Bearish Engulfing', 'London Session']",1.5,2.5,4.0
2025-02-25 14:00:00,Super Sell,87157.25,87017.12803499999,87367.43294750003,87507.55491250003,87717.73786000005,Super,"['High Volume', 'Strong Trend', 'Supply Zone', 'Session Overlap']",1.5,2.5,4.0
2025-02-26 14:00:00,Super Buy,87621.22,86577.35932142856,89187.01101785715,90230.8716964286,91796.66271428575,Super,"['High Volume', 'Strong Trend', 'Hammer Pattern', 'Demand Zone', 'Session Overlap']",1.5,2.5,4.0
2025-02-26 16:00:00,Super Sell,86805.99,86637.77369999999,87058.31445000003,87226.53075000003,87478.85520000006,Super,"['High Volume', 'Strong Trend', 'Supply Zone', 'Session Overlap']",1.5,2.5,4.0
2025-02-26 18:00:00,Super Sell,84258.94,83889.10288749999,84813.69566875002,85183.53278125003,85738.28845000005,Super,"['High Volume', 'Strong Trend', 'Supply Zone', 'NY Session']",1.5,2.5,4.0
2025-02-26 19:00:00,Super Sell,83856.99,83889.10288749999,83808.82066875004,83776.70778125004,83728.53845000007,Super,"['High Volume', 'Strong Trend', 'Supply Zone', 'NY Session']",1.5,2.5,4.0
2025-02-27 15:00:00,Super Buy,85500.84,84313.0122357143,87282.58164642855,88470.40941071424,90252.1510571428,Super,"['High Volume', 'Strong Trend', 'Demand Zone', 'Session Overlap']",1.5,2.5,4.0
2025-03-02 14:00:00,Strong Sell,85107.45,84736.3414852941,85664.11277205884,86035.22128676472,86591.88405882356,Strong,"['High Volume', 'Supply Zone', 'Session Overlap']",1.5,2.5,4.0
2025-03-02 16:00:00,Super Buy,91200.0,90736.26221666666,91895.60667500002,92359.34445833336,93054.95113333338,Super,"['High Volume', 'Strong Trend', 'Demand Zone', 'Session Overlap']",1.5,2.5,4.0
2025-03-02 17:00:00,Super Buy,94093.75,93044.17334000001,95668.11498999999,96717.69164999998,98292.05663999997,Super,"['High Volume', 'Strong Trend', 'Demand Zone', 'NY Session']",1.5,2.5,4.0
2025-03-03 14:00:00,Super Sell,89278.88,88985.98634999999,89718.22047500002,90011.11412500004,90450.45460000006,Super,"['High Volume', 'Strong Trend', 'Supply Zone', 'Session Overlap']",1.5,2.5,4.0
2025-03-03 18:00:00,Super Sell,87132.8,87017.12803499999,87306.30794750003,87421.97991250004,87595.48786000007,Super,"['High Volume', 'Strong Trend', 'Supply Zone', 'NY Session']",1.5,2.5,4.0
2025-03-03 19:00:00,Super Sell,85606.0,85363.38646499999,85969.92030250002,86212.53383750003,86576.45414000005,Super,"['High Volume', 'Strong Trend', 'Supply Zone', 'NY Session']",1.5,2.5,4.0
2025-03-04 14:00:00,Strong Buy,83201.41,82187.32392777778,84722.53910833335,85736.62518055557,87257.75428888891,Strong,"['High Volume', 'Strong Trend', 'Session Overlap']",1.5,2.5,4.0
2025-03-04 19:00:00,Strong Buy,88206.19,87763.03373000001,88870.924405,89314.08067499998,89978.81507999997,Strong,"['High Volume', 'Strong Trend', 'Demand Zone', 'NY Session']",1.5,2.5,4.0
2025-03-05 10:00:00,Strong Buy,89926.07,88717.97105,91738.21842500003,92946.31737500004,94758.46580000006,Strong,"['High Volume', 'Strong Trend', 'Demand Zone', 'London Session']",1.5,2.5,4.0
2025-03-05 16:00:00,Super Buy,88926.53,87763.03373000001,90671.77440499997,91835.27067499998,93580.51507999995,Super,"['High Volume', 'Strong Trend', 'Demand Zone', 'Session Overlap']",1.5,2.5,4.0
2025-03-06 17:00:00,Strong Sell,88628.01,88254.63923571429,89188.06614642855,89561.43691071426,90121.49305714281,Strong,"['High Volume', 'Strong Trend', 'Supply Zone', 'NY Session']",1.5,2.5,4.0
2025-03-07 14:00:00,Strong Buy,90440.74,90736.26221666666,89997.45667500002,89701.93445833339,89258.6511333334,Strong,"['High Volume', 'Strong Trend', 'Demand Zone', 'Session Overlap']",1.5,2.5,4.0
2025-03-09 10:00:00,Super Sell,84844.1,84736.3414852941,85005.73777205886,85113.49628676476,85275.1340588236,Super,"['High Volume', 'Strong Trend', 'Supply Zone', 'London Session']",1.5,2.5,4.0
2025-03-09 12:00:00,Super Sell,84599.99,84320.81423076922,85018.75365384619,85297.92942307697,85716.69307692315,Super,"['High Volume', 'Strong Trend', 'Supply Zone', 'London Session']",1.5,2.5,4.0
2025-03-09 13:00:00,Super Sell,83489.95,83257.91473125,83838.00290312499,84070.038171875,84418.09107499999,Super,"['High Volume', 'Strong Trend', 'Supply Zone', 'London Session']",1.5,2.5,4.0
2025-03-09 15:00:00,Super Sell,83080.41,82774.15600714285,83539.79098928573,83846.04498214288,84305.4259714286,Super,"['High Volume', 'Strong Trend', 'Bearish Engulfing', 'Supply Zone', 'Session Overlap']",1.5,2.5,4.0
2025-03-09 16:00:00,Super Sell,82496.01,82774.15600714285,82078.79098928571,81800.64498214284,81383.42597142856,Super,"['High Volume', 'Strong Trend', 'Supply Zone', 'Session Overlap']",1.5,2.5,4.0
2025-03-09 17:00:00,Strong Sell,82366.0,82774.15600714285,81753.76598928572,81345.60998214287,80733.37597142858,Strong,"['High Volume', 'Strong Trend', 'Supply Zone', 'NY Session']",1.5,2.5,4.0
2025-03-11 15:00:00,Strong Buy,81232.24,80857.89492,81793.75762,82168.1027,82729.62032,Strong,"['High Volume', 'Strong Trend', 'Demand Zone', 'Session Overlap']",1.5,2.5,4.0
2025-03-12 13:00:00,Super Sell,82686.27,82774.15600714285,82554.44098928574,82466.55498214287,82334.7259714286,Super,"['High Volume', 'Bearish Engulfing', 'Supply Zone', 'London Session']",1.5,2.5,4.0
2025-03-13 12:00:00,Strong Sell,82517.99,82774.15600714285,82133.74098928572,81877.57498214289,81493.32597142861,Strong,"['High Volume', 'Supply Zone', 'London Session']",1.5,2.5,4.0
2025-03-13 13:00:00,Strong Sell,81777.15,82774.15600714285,80281.6409892857,79284.63498214284,77789.12597142856,Strong,"['High Volume', 'Supply Zone', 'London Session']",1.5,2.5,4.0
2025-03-14 13:00:00,Strong Buy,83602.16,82758.48131153847,84867.67803269229,85711.35672115383,86976.87475384612,Strong,"['High Volume', 'Demand Zone', 'London Session']",1.5,2.5,4.0
2025-03-14 14:00:00,Strong Buy,83524.8,82758.48131153847,84674.2780326923,85440.59672115382,86590.07475384611,Strong,"['High Volume', 'Strong Trend', 'Hammer Pattern', 'Session Overlap']",1.5,2.5,4.0
2025-03-14 15:00:00,Super Buy,84724.58,83868.09087857144,86009.31368214285,86865.8028035714,88150.53648571424,Super,"['High Volume', 'Strong Trend', 'Demand Zone', 'Session Overlap']",1.5,2.5,4.0
2025-03-14 16:00:00,Strong Buy,84787.37,83868.09087857144,86166.28868214283,87085.56780357138,88464.48648571421,Strong,"['High Volume', 'Strong Trend', 'Demand Zone', 'Session Overlap']",1.5,2.5,4.0
2025-03-16 11:00:00,Strong Sell,82410.02,82774.15600714285,81863.81598928574,81499.67998214287,80953.4759714286,Strong,"['High Volume', 'Strong Trend', 'Supply Zone', 'London Session']",1.5,2.5,4.0
2025-03-16 13:00:00,Super Sell,82596.1,82774.15600714285,82329.01598928573,82150.95998214289,81883.87597142861,Super,"['High Volume', 'Strong Trend', 'Supply Zone', 'London Session']",1.5,2.5,4.0
2025-03-19 11:00:00,Strong Buy,83881.4,82758.48131153847,85565.77803269227,86688.6967211538,88373.07475384607,Strong,"['High Volume', 'Strong Trend', 'Demand Zone', 'London Session']",1.5,2.5,4.0
2025-03-19 13:00:00,Super Buy,84092.16,83114.532035,85558.60194750002,86536.22991250001,88002.67186000003,Super,"['High Volume', 'Strong Trend', 'Demand Zone', 'London Session']",1.5,2.5,4.0
2025-03-19 14:00:00,Super Buy,84318.59,83114.532035,86124.6769475,87328.73491249999,89134.82186,Super,"['High Volume', 'Strong Trend', 'Demand Zone', 'Session Overlap']",1.5,2.5,4.0
2025-03-19 15:00:00,Super Buy,84733.05,83868.09087857144,86030.48868214284,86895.44780357141,88192.88648571425,Super,"['High Volume', 'Strong Trend', 'Demand Zone', 'Session Overlap']",1.5,2.5,4.0
2025-03-19 18:00:00,Super Buy,85612.25,84669.55153333333,87026.2977,87968.99616666668,89383.04386666667,Super,"['High Volume', 'Strong Trend', 'Demand Zone', 'NY Session']",1.5,2.5,4.0
2025-03-20 15:00:00,Super Sell,84691.76,84320.81423076922,85248.17865384616,85619.12442307694,86175.5430769231,Super,"['High Volume', 'Strong Trend', 'Supply Zone', 'Session Overlap']",1.5,2.5,4.0
2025-03-20 16:00:00,Super Sell,83802.01,83889.10288749999,83671.37066875,83584.27778125001,83453.63845000001,Super,"['High Volume', 'Strong Trend', 'Supply Zone', 'Session Overlap']",1.5,2.5,4.0
2025-03-21 13:00:00,Strong Buy,83935.7,82758.48131153847,85701.52803269228,86878.7467211538,88644.57475384609,Strong,"['High Volume', 'Strong Trend', 'Demand Zone', 'London Session']",1.5,2.5,4.0
2025-03-21 14:00:00,Strong Buy,84240.33,83114.532035,85929.02694750001,87054.82491250001,88743.52186000002,Strong,"['High Volume', 'Strong Trend', 'Demand Zone', 'Session Overlap']",1.5,2.5,4.0
2025-03-23 13:00:00,Strong Buy,85093.59,83868.09087857144,86931.83868214283,88157.33780357138,89995.58648571422,Strong,"['High Volume', 'Demand Zone', 'London Session']",1.5,2.5,4.0
2025-03-23 15:00:00,Strong Buy,85189.41,84054.38946666666,86891.94080000001,88026.96133333337,89729.49213333338,Strong,"['High Volume', 'Strong Trend', 'Demand Zone', 'Session Overlap']",1.5,2.5,4.0
2025-03-23 16:00:00,Super Buy,85250.0,84054.38946666666,87043.41580000002,88239.02633333334,90032.44213333336,Super,"['High Volume', 'Strong Trend', 'Demand Zone', 'Session Overlap']",1.5,2.5,4.0
2025-03-24 08:00:00,Strong Buy,87416.35,86214.15703,89219.63945500001,90421.83242500002,92225.12188000002,Strong,"['High Volume', 'Strong Trend', 'Demand Zone', 'London Session']",1.5,2.5,4.0
2025-03-24 10:00:00,Strong Buy,87801.27,86577.35932142856,89637.13601785716,90861.0466964286,92696.91271428576,Strong,"['High Volume', 'Strong Trend', 'Demand Zone', 'London Session']",1.5,2.5,4.0
2025-03-24 13:00:00,Super Buy,87704.46,86577.35932142856,89395.11101785717,90522.21169642861,92212.86271428577,Super,"['High Volume', 'Strong Trend', 'Bullish Engulfing', 'Demand Zone', 'London Session']",1.5,2.5,4.0
2025-03-24 15:00:00,Super Buy,88350.01,87763.03373000001,89230.47440499997,89817.45067499996,90697.91507999993,Super,"['High Volume', 'Strong Trend', 'Demand Zone', 'Session Overlap']",1.5,2.5,4.0
2025-03-26 14:00:00,Super Sell,86773.14,86637.77369999999,86976.18945,87111.55575000003,87314.60520000003,Super,"['High Volume', 'Strong Trend', 'Supply Zone', 'Session Overlap']",1.5,2.5,4.0
2025-03-27 15:00:00,Strong Sell,86974.07,86637.77369999999,87478.51445000003,87814.81075000005,88319.25520000007,Strong,"['High Volume', 'Supply Zone', 'Session Overlap']",1.5,2.5,4.0
2025-03-28 13:00:00,Strong Sell,84994.0,84736.3414852941,85380.48777205884,85638.14628676474,86024.63405882358,Strong,"['High Volume', 'Strong Trend', 'Supply Zone', 'London Session']",1.5,2.5,4.0
2025-03-28 14:00:00,Super Sell,84172.01,83889.10288749999,84596.37066875,84879.27778125001,85303.63845000001,Super,"['High Volume', 'Strong Trend', 'Supply Zone', 'Session Overlap']",1.5,2.5,4.0
2025-03-28 15:00:00,Super Sell,84051.16,83889.10288749999,84294.24566875002,84456.30278125004,84699.38845000006,Super,"['High Volume', 'Strong Trend', 'Supply Zone', 'Session Overlap']",1.5,2.5,4.0
2025-03-31 12:00:00,Super Buy,82768.74,81643.86730999999,84456.04903500003,85580.92172500005,87268.23076000008,Super,"['High Volume', 'Strong Trend', 'Demand Zone', 'London Session']",1.5,2.5,4.0
2025-03-31 13:00:00,Strong Buy,82507.99,81643.86730999999,83804.17403500003,84668.29672500005,85964.48076000008,Strong,"['High Volume', 'Strong Trend', 'Hammer Pattern', 'London Session']",1.5,2.5,4.0
2025-03-31 14:00:00,Super Buy,83499.18,82758.48131153847,84610.22803269228,85350.92672115378,86461.97475384607,Super,"['High Volume', 'Strong Trend', 'Demand Zone', 'Session Overlap']",1.5,2.5,4.0
2025-04-01 08:00:00,Strong Buy,84121.94,83114.532035,85633.0519475,86640.45991250002,88151.57186000003,Strong,"['High Volume', 'Demand Zone', 'London Session']",1.5,2.5,4.0
2025-04-01 14:00:00,Super Buy,84195.92,83114.532035,85818.0019475,86899.3899125,88521.47186,Super,"['High Volume', 'Strong Trend', 'Demand Zone', 'Session Overlap']",1.5,2.5,4.0
2025-04-01 15:00:00,Super Buy,85280.87,84054.38946666666,87120.5908,88347.07133333333,90186.79213333334,Super,"['High Volume', 'Strong Trend', 'Demand Zone', 'Session Overlap']",1.5,2.5,4.0
2025-04-02 15:00:00,Strong Buy,86757.67,85943.31206,87979.20691000001,88793.56485,90015.10176,Strong,"['High Volume', 'Demand Zone', 'Session Overlap']",1.5,2.5,4.0
2025-04-02 16:00:00,Super Buy,87065.18,85943.31206,88747.98190999999,89869.84984999998,91552.65175999998,Super,"['High Volume', 'Strong Trend', 'Demand Zone', 'Session Overlap']",1.5,2.5,4.0
2025-04-04 11:00:00,Strong Buy,82680.45,81643.86730999999,84235.32403500001,85271.90672500002,86826.78076000004,Strong,"['High Volume', 'Demand Zone', 'London Session']",1.5,2.5,4.0
2025-04-04 12:00:00,Strong Buy,82879.99,81921.32903,84317.98145500003,85276.64242500003,86714.63388000005,Strong,"['High Volume', 'Demand Zone', 'London Session']",1.5,2.5,4.0
2025-04-04 13:00:00,Strong Buy,83335.99,82187.32392777778,85058.98910833335,86207.65518055558,87930.65428888892,Strong,"['High Volume', 'Demand Zone', 'London Session']",1.5,2.5,4.0
2025-04-05 13:00:00,Strong Sell,82755.29,82774.15600714285,82726.9909892857,82708.12498214285,82679.82597142855,Strong,"['High Volume', 'Supply Zone', 'London Session']",1.5,2.5,4.0
2025-04-05 15:00:00,Strong Sell,82618.26,82774.15600714285,82384.41598928571,82228.51998214284,81994.67597142856,Strong,"['High Volume', 'Supply Zone', 'Session Overlap']",1.5,2.5,4.0
2025-04-06 13:00:00,Strong Sell,82306.01,82774.15600714285,81603.79098928571,81135.64498214284,80433.42597142856,Strong,"['High Volume', 'Supply Zone', 'London Session']",1.5,2.5,4.0
2025-04-06 16:00:00,Super Sell,81970.0,82774.15600714285,80763.76598928572,79959.60998214287,78753.37597142858,Super,"['High Volume', 'Strong Trend', 'Supply Zone', 'Session Overlap']",1.5,2.5,4.0
2025-04-09 17:00:00,Strong Buy,82202.16,81170.88112500001,83749.07831249999,84780.35718749998,86327.27549999996,Strong,"['High Volume', 'Strong Trend', 'Demand Zone', 'NY Session']",1.5,2.5,4.0
2025-04-09 19:00:00,Strong Buy,82332.08,81170.88112500001,84073.87831249999,85235.07718749996,86976.87549999995,Strong,"['Strong Trend', 'Bullish Engulfing', 'NY Session']",1.5,2.5,4.0
2025-04-09 20:00:00,Strong Buy,83204.0,82187.32392777778,84729.01410833333,85745.69018055557,87270.7042888889,Strong,"['High Volume', 'Strong Trend', 'Demand Zone', 'NY Session']",1.5,2.5,4.0
2025-04-11 08:00:00,Strong Buy,81631.89,80857.89492,82792.88261999999,83566.87769999998,84727.87031999997,Strong,"['High Volume', 'Demand Zone', 'London Session']",1.5,2.5,4.0
2025-04-11 13:00:00,Strong Buy,82930.67,81921.32903,84444.68145500001,85454.022425,86968.03388000002,Strong,"['High Volume', 'Strong Trend', 'Demand Zone', 'London Session']",1.5,2.5,4.0
2025-04-11 17:00:00,Strong Buy,83930.0,82758.48131153847,85687.2780326923,86858.7967211538,88616.0747538461,Strong,"['High Volume', 'Strong Trend', 'Demand Zone', 'NY Session']",1.5,2.5,4.0
2025-04-12 20:00:00,Strong Buy,85517.29,84313.0122357143,87323.70664642853,88527.98441071424,90334.40105714278,Strong,"['Strong Trend', 'Bullish Engulfing', 'NY Session']",1.5,2.5,4.0
2025-04-13 13:00:00,Strong Sell,83599.13,83257.91473125,84110.95290312501,84452.16817187502,84963.99107500003,Strong,"['High Volume', 'Strong Trend', 'Supply Zone', 'London Session']",1.5,2.5,4.0
2025-04-14 14:00:00,Strong Buy,85423.6,84313.0122357143,87089.48164642857,88200.06941071428,89865.95105714284,Strong,"['High Volume', 'Strong Trend', 'Demand Zone', 'Session Overlap']",1.5,2.5,4.0
2025-04-16 14:00:00,Super Buy,84605.31,83419.34356875,86384.259646875,87570.22607812498,89349.17572499998,Super,"['High Volume', 'Strong Trend', 'Bullish Engulfing', 'Demand Zone', 'Session Overlap']",1.5,2.5,4.0
2025-04-16 18:00:00,Strong Buy,84029.97,83114.532035,85403.12694750002,86318.5649125,87691.72186000002,Strong,"['High Volume', 'Strong Trend', 'Demand Zone', 'NY Session']",1.5,2.5,4.0
2025-04-17 17:00:00,Strong Buy,85108.66,83868.09087857144,86969.51368214285,88210.08280357141,90070.93648571425,Strong,"['High Volume', 'Demand Zone', 'NY Session']",1.5,2.5,4.0
2025-04-20 10:00:00,Strong Sell,84184.03,83889.10288749999,84626.42066875001,84921.34778125002,85363.73845000003,Strong,"['High Volume', 'Strong Trend', 'Supply Zone', 'London Session']",1.5,2.5,4.0
2025-04-20 20:00:00,Super Buy,85127.58,83868.09087857144,87016.81368214285,88276.3028035714,90165.53648571424,Super,"['High Volume', 'Strong Trend', 'Demand Zone', 'NY Session']",1.5,2.5,4.0
2025-04-21 14:00:00,Super Buy,88208.37,87763.03373000001,88876.37440499998,89321.71067499995,89989.71507999994,Super,"['High Volume', 'Strong Trend', 'Bullish Engulfing', 'Demand Zone', 'Session Overlap']",1.5,2.5,4.0
2025-04-22 12:00:00,Strong Buy,88992.7,87763.03373000001,90837.19940499998,92066.86567499996,93911.36507999995,Strong,"['High Volume', 'Strong Trend', 'Demand Zone', 'London Session']",1.5,2.5,4.0
2025-04-22 14:00:00,Super Buy,90797.73,90736.26221666666,90889.931675,90951.39945833336,91043.60113333336,Super,"['High Volume', 'Strong Trend', 'Demand Zone', 'Session Overlap']",1.5,2.5,4.0
2025-04-22 15:00:00,Super Buy,90934.61,90736.26221666666,91232.13167500001,91430.47945833337,91728.00113333338,Super,"['High Volume', 'Strong Trend', 'Demand Zone', 'Session Overlap']",1.5,2.5,4.0
2025-04-23 13:00:00,Super Sell,93020.22,94129.16764999999,91356.79852500002,90247.85087500003,88584.42940000005,Super,"['High Volume', 'Strong Trend', 'Supply Zone', 'London Session']",1.5,2.5,4.0
2025-04-25 11:00:00,Strong Buy,94635.67,93404.78654666667,96481.99518,97712.87863333331,99559.20381333331,Strong,"['High Volume', 'Demand Zone', 'London Session']",1.5,2.5,4.0
2025-04-25 14:00:00,Strong Buy,95368.0,94168.12335,97167.81497500002,98367.691625,100167.50660000002,Strong,"['High Volume', 'Demand Zone', 'Session Overlap']",1.5,2.5,4.0
2025-04-28 10:00:00,Strong Buy,95060.77,93837.59249090908,96895.53626363639,98118.71377272731,99953.48003636369,Strong,"['High Volume', 'Demand Zone', 'London Session']",1.5,2.5,4.0
2025-04-28 11:00:00,Strong Buy,95319.99,94168.12335,97047.78997500002,98199.65662500003,99927.45660000005,Strong,"['High Volume', 'Demand Zone', 'London Session']",1.5,2.5,4.0
2025-04-28 12:00:00,Strong Buy,95350.69,94168.12335,97124.53997500002,98307.10662500001,100080.95660000003,Strong,"['High Volume', 'Strong Trend', 'Demand Zone', 'London Session']",1.5,2.5,4.0
2025-04-29 11:00:00,Strong Buy,95129.74,93837.59249090908,97067.96126363639,98360.10877272731,100298.3300363637,Strong,"['High Volume', 'Strong Trend', 'Demand Zone', 'London Session']",1.5,2.5,4.0
2025-04-29 14:00:00,Super Buy,95040.8,93837.59249090908,96845.61126363638,98048.8187727273,99853.63003636368,Super,"['High Volume', 'Strong Trend', 'Bullish Engulfing', 'Demand Zone', 'Session Overlap']",1.5,2.5,4.0
2025-04-30 13:00:00,Strong Sell,93032.58,94129.16764999999,91387.69852500001,90291.11087500004,88646.22940000005,Strong,"['High Volume', 'Supply Zone', 'London Session']",1.5,2.5,4.0
2025-05-01 09:00:00,Strong Buy,95520.99,94168.12335,97550.28997500002,98903.15662500003,100932.45660000005,Strong,"['High Volume', 'Demand Zone', 'London Session']",1.5,2.5,4.0
2025-05-01 10:00:00,Strong Buy,96169.01,94796.94344999999,98227.10982499999,99599.17637500001,101657.27620000001,Strong,"['High Volume', 'Demand Zone', 'London Session']",1.5,2.5,4.0
2025-05-01 14:00:00,Super Buy,96827.99,95653.17899411765,98590.20650882352,99765.01751470589,101527.23402352941,Super,"['High Volume', 'Strong Trend', 'Demand Zone', 'Session Overlap']",1.5,2.5,4.0
2025-05-02 13:00:00,Strong Sell,96772.08,96342.74156666665,97416.08765000003,97845.42608333338,98489.43373333341,Strong,"['High Volume', 'Bearish Engulfing', 'Supply Zone', 'London Session']",1.5,2.5,4.0
2025-05-03 10:00:00,Strong Sell,95896.5,95703.06779062499,96186.6483140625,96380.08052343753,96670.22883750004,Strong,"['High Volume', 'Supply Zone', 'London Session']",1.5,2.5,4.0
2025-05-04 08:00:00,Strong Sell,95647.27,95239.75269230768,96258.54596153849,96666.06326923081,97277.3392307693,Strong,"['High Volume', 'Strong Trend', 'Supply Zone', 'London Session']",1.5,2.5,4.0
2025-05-04 10:00:00,Super Sell,95400.47,95239.75269230768,95641.54596153848,95802.26326923081,96043.33923076928,Super,"['High Volume', 'Strong Trend', 'Supply Zone', 'London Session']",1.5,2.5,4.0
2025-05-04 13:00:00,Strong Sell,95369.37,95239.75269230768,95563.79596153848,95693.41326923078,95887.83923076926,Strong,"['High Volume', 'Strong Trend', 'Supply Zone', 'London Session']",1.5,2.5,4.0
2025-05-06 10:00:00,Strong Sell,93942.83,94129.16764999999,93663.32352500001,93476.98587500004,93197.47940000005,Strong,"['High Volume', 'Supply Zone', 'London Session']",1.5,2.5,4.0
2025-05-06 13:00:00,Super Sell,93616.92,94129.16764999999,92848.54852500002,92336.30087500002,91567.92940000004,Super,"['High Volume', 'Bearish Engulfing', 'Supply Zone', 'London Session']",1.5,2.5,4.0
2025-05-08 08:00:00,Strong Buy,99666.66,98206.74590714286,101856.53113928571,103316.44523214287,105506.31637142858,Strong,"['High Volume', 'Strong Trend', 'Demand Zone', 'London Session']",1.5,2.5,4.0
2025-05-08 15:00:00,Super Buy,100758.08,99806.61588333333,102185.276175,103136.74029166668,104563.93646666668,Super,"['High Volume', 'Strong Trend', 'Demand Zone', 'Session Overlap']",1.5,2.5,4.0
2025-05-08 20:00:00,Strong Buy,102607.8,101735.35934615384,103916.46098076925,104788.90163461541,106097.56261538465,Strong,"['High Volume', 'Strong Trend', 'Demand Zone', 'NY Session']",1.5,2.5,4.0
2025-05-09 08:00:00,Strong Sell,102968.25,102766.80541666666,103270.41687500002,103471.86145833335,103774.02833333338,Strong,"['High Volume', 'Strong Trend', 'Supply Zone', 'London Session']",1.5,2.5,4.0
2025-05-09 14:00:00,Strong Sell,103155.99,102766.80541666666,103739.76687500003,104128.95145833338,104712.7283333334,Strong,"['Strong Trend', 'Session Overlap']",1.5,2.5,4.0
2025-05-10 17:00:00,Strong Sell,103176.88,102766.80541666666,103791.99187500004,104202.06645833337,104817.1783333334,Strong,"['High Volume', 'Strong Trend', 'Supply Zone', 'NY Session']",1.5,2.5,4.0
2025-05-11 14:00:00,Strong Buy,104160.0,102876.2141,106085.67885,107369.46475000001,109295.14360000001,Strong,"['High Volume', 'Strong Trend', 'Demand Zone', 'Session Overlap']",1.5,2.5,4.0
2025-05-12 14:00:00,Super Sell,102799.99,102766.80541666666,102849.76687500003,102882.95145833338,102932.7283333334,Super,"['High Volume', 'Strong Trend', 'Bearish Engulfing', 'Supply Zone', 'Session Overlap']",1.5,2.5,4.0
2025-05-12 18:00:00,Strong Sell,101630.59,101245.84065,102207.714025,102592.46337499999,103169.58739999999,Strong,"['High Volume', 'Strong Trend', 'Supply Zone', 'NY Session']",1.5,2.5,4.0
2025-05-13 19:00:00,Strong Buy,104792.22,103262.149725,107087.32541250001,108617.39568750001,110912.50110000002,Strong,"['High Volume', 'Demand Zone', 'NY Session']",1.5,2.5,4.0
2025-05-14 14:00:00,Strong Sell,103265.46,102766.80541666666,104013.44187500003,104512.09645833338,105260.07833333341,Strong,"['High Volume', 'Supply Zone', 'Session Overlap']",1.5,2.5,4.0
2025-05-15 09:00:00,Strong Sell,101823.39,102102.51269999998,101404.70595000003,101125.58325000005,100706.89920000009,Strong,"['High Volume', 'Strong Trend', 'Supply Zone', 'London Session']",1.5,2.5,4.0
2025-05-15 13:00:00,Super Sell,102133.49,102102.51269999998,102179.95595000005,102210.93325000007,102257.39920000012,Super,"['High Volume', 'Strong Trend', 'Bearish Engulfing', 'Supply Zone', 'London Session']",1.5,2.5,4.0
2025-05-15 16:00:00,Super Buy,103846.27,102530.82117142857,105819.44324285715,107134.89207142859,109108.06531428573,Super,"['High Volume', 'Strong Trend', 'Demand Zone', 'Session Overlap']",1.5,2.5,4.0
2025-05-15 17:00:00,Strong Buy,103968.24,102530.82117142857,106124.36824285716,107561.78707142858,109717.91531428574,Strong,"['High Volume', 'Strong Trend', 'Demand Zone', 'NY Session']",1.5,2.5,4.0
2025-05-16 16:00:00,Strong Sell,104145.49,103630.95913333332,104917.28630000004,105431.8171666667,106203.61346666673,Strong,"['High Volume', 'Supply Zone', 'Session Overlap']",1.5,2.5,4.0
2025-05-17 09:00:00,Strong Sell,102896.59,102766.80541666666,103091.266875,103221.05145833336,103415.72833333336,Strong,"['High Volume', 'Supply Zone', 'London Session']",1.5,2.5,4.0
2025-05-18 13:00:00,Strong Buy,104740.0,103262.149725,106956.7754125,108434.62568750001,110651.40110000002,Strong,"['High Volume', 'Strong Trend', 'Demand Zone', 'London Session']",1.5,2.5,4.0
2025-05-18 14:00:00,Super Buy,105270.97,104046.0181875,107108.39771875,108333.34953125002,110170.77725000001,Super,"['High Volume', 'Strong Trend', 'Demand Zone', 'Session Overlap']",1.5,2.5,4.0
2025-05-18 15:00:00,Super Buy,105518.0,104046.0181875,107725.97271875001,109197.95453125,111405.92725000001,Super,"['High Volume', 'Strong Trend', 'Demand Zone', 'Session Overlap']",1.5,2.5,4.0
2025-05-18 16:00:00,Super Buy,105822.22,104359.69387222223,108016.00919166667,109478.53531944443,111672.3245111111,Super,"['High Volume', 'Strong Trend', 'Demand Zone', 'Session Overlap']",1.5,2.5,4.0
2025-05-18 20:00:00,Super Buy,104053.05,102530.82117142857,106336.39324285716,107858.62207142857,110141.96531428573,Super,"['High Volume', 'Strong Trend', 'Demand Zone', 'NY Session']",1.5,2.5,4.0
2025-05-20 13:00:00,Strong Sell,104448.04,104340.82189999998,104608.86715,104716.08525000003,104876.91240000004,Strong,"['High Volume', 'Supply Zone', 'London Session']",1.5,2.5,4.0
2025-05-21 16:00:00,Super Buy,109131.7,107950.79838235294,110903.05242647059,112083.95404411765,113855.30647058824,Super,"['High Volume', 'Strong Trend', 'Bullish Engulfing', 'Session Overlap']",1.5,2.5,4.0
2025-05-23 11:00:00,Strong Sell,109076.35,108668.66747,109687.87379500002,110095.55632500001,110707.08012000003,Strong,"['High Volume', 'Strong Trend', 'Supply Zone', 'London Session']",1.5,2.5,4.0
2025-05-24 10:00:00,Super Buy,109094.99,107950.79838235294,110811.27742647061,111955.46904411768,113671.75647058828,Super,"['High Volume', 'Strong Trend', 'Demand Zone', 'London Session']",1.5,2.5,4.0
2025-05-25 08:00:00,Strong Sell,107109.41,106590.57781071428,107887.65828392858,108406.4904732143,109184.73875714288,Strong,"['High Volume', 'Strong Trend', 'Supply Zone', 'London Session']",1.5,2.5,4.0
2025-05-25 10:00:00,Strong Sell,106946.4,106590.57781071428,107480.13328392856,107835.95547321427,108369.68875714284,Strong,"['Strong Trend', 'Bearish Engulfing', 'London Session']",1.5,2.5,4.0
2025-05-25 15:00:00,Super Sell,106967.97,106590.57781071428,107534.05828392858,107911.4504732143,108477.53875714287,Super,"['High Volume', 'Strong Trend', 'Supply Zone', 'Session Overlap']",1.5,2.5,4.0
2025-05-26 16:00:00,Super Sell,109391.37,109064.20225714285,109882.12161428572,110209.28935714284,110700.04097142856,Super,"['High Volume', 'Strong Trend', 'Bearish Engulfing', 'Supply Zone', 'Session Overlap']",1.5,2.5,4.0
2025-05-27 15:00:00,Strong Buy,110140.11,108920.1227,111970.09094999998,113190.07824999999,115020.05919999997,Strong,"['High Volume', 'Demand Zone', 'Session Overlap']",1.5,2.5,4.0
2025-05-28 13:00:00,Super Sell,108068.45,107764.67823333331,108524.10765000002,108827.87941666672,109283.53706666674,Super,"['High Volume', 'Strong Trend', 'Supply Zone', 'London Session']",1.5,2.5,4.0
2025-05-28 14:00:00,Super Sell,107522.72,107356.3914,107772.21290000001,107938.54150000002,108188.03440000003,Super,"['High Volume', 'Strong Trend', 'Supply Zone', 'Session Overlap']",1.5,2.5,4.0
2025-05-28 15:00:00,Super Sell,107107.31,106590.57781071428,107882.40828392857,108399.14047321428,109174.23875714286,Super,"['High Volume', 'Strong Trend', 'Supply Zone', 'Session Overlap']",1.5,2.5,4.0
2025-05-29 14:00:00,Super Buy,107622.54,106316.24915833332,109581.97626250001,110888.26710416668,112847.7033666667,Super,"['High Volume', 'Strong Trend', 'Demand Zone', 'Session Overlap']",1.5,2.5,4.0
2025-05-29 17:00:00,Strong Sell,106303.6,105797.2519875,107063.12201875001,107569.47003125002,108328.99205000003,Strong,"['High Volume', 'Strong Trend', 'Supply Zone', 'NY Session']",1.5,2.5,4.0
2025-06-01 09:00:00,Strong Sell,103934.34,103630.95913333332,104389.4113,104692.79216666668,105147.86346666669,Strong,"['High Volume', 'Supply Zone', 'London Session']",1.5,2.5,4.0
2025-06-02 09:00:00,Strong Sell,104585.36,104340.82189999998,104952.16715000002,105196.70525000006,105563.51240000008,Strong,"['High Volume', 'Supply Zone', 'London Session']",1.5,2.5,4.0
2025-06-02 13:00:00,Strong Sell,103800.0,103630.95913333332,104053.56130000002,104222.6021666667,104476.16346666671,Strong,"['High Volume', 'Supply Zone', 'London Session']",1.5,2.5,4.0
2025-06-04 11:00:00,Strong Sell,105084.36,104664.14514,105714.68229000001,106134.89715000002,106765.21944000003,Strong,"['High Volume', 'Supply Zone', 'London Session']",1.5,2.5,4.0
2025-06-05 12:00:00,Strong Buy,105649.59,104359.69387222223,107584.43419166666,108874.33031944442,110809.17451111108,Strong,"['High Volume', 'Demand Zone', 'London Session']",1.5,2.5,4.0
2025-06-05 14:00:00,Strong Buy,104639.2,103262.149725,106704.77541249999,108081.82568750001,110147.4011,Strong,"['High Volume', 'Demand Zone', 'Session Overlap']",1.5,2.5,4.0
2025-06-05 17:00:00,Strong Sell,103240.04,102766.80541666666,103949.891875,104423.12645833334,105132.97833333335,Strong,"['High Volume', 'Supply Zone', 'NY Session']",1.5,2.5,4.0
2025-06-05 19:00:00,Strong Sell,101914.77,102102.51269999998,101633.15595000004,101445.41325000007,101163.79920000011,Strong,"['High Volume', 'Strong Trend', 'Supply Zone', 'NY Session']",1.5,2.5,4.0
2025-06-05 20:00:00,Strong Sell,100483.91,100374.83729999998,100647.51905000003,100756.59175000005,100920.20080000008,Strong,"['High Volume', 'Strong Trend', 'Supply Zone', 'NY Session']",1.5,2.5,4.0
2025-06-08 09:00:00,Strong Sell,105140.01,104664.14514,105853.80729,106329.67215,107043.46944,Strong,"['High Volume', 'Strong Trend', 'Supply Zone', 'London Session']",1.5,2.5,4.0
2025-06-08 13:00:00,Super Sell,105627.9,105419.24496666664,105940.88255000004,106149.53758333338,106462.52013333343,Super,"['High Volume', 'Strong Trend', 'Supply Zone', 'London Session']",1.5,2.5,4.0
2025-06-09 11:00:00,Super Buy,107759.21,106316.24915833332,109923.65126250003,111366.61210416674,113531.05336666676,Super,"['High Volume', 'Strong Trend', 'Demand Zone', 'London Session']",1.5,2.5,4.0
2025-06-09 14:00:00,Super Buy,107610.33,106316.24915833332,109551.45126250002,110845.53210416672,112786.65336666674,Super,"['High Volume', 'Strong Trend', 'Demand Zone', 'Session Overlap']",1.5,2.5,4.0
2025-06-10 13:00:00,Strong Sell,109305.28,109064.20225714285,109666.89661428571,109907.97435714287,110269.59097142858,Strong,"['High Volume', 'Strong Trend', 'Supply Zone', 'London Session']",1.5,2.5,4.0
2025-06-10 14:00:00,Super Sell,108620.01,108232.1821392857,109201.75179107144,109589.57965178575,110171.3214428572,Super,"['High Volume', 'Strong Trend', 'Supply Zone', 'Session Overlap']",1.5,2.5,4.0
2025-06-11 15:00:00,Strong Sell,109735.7,109588.93106249998,109955.85340625003,110102.62234375004,110322.77575000007,Strong,"['High Volume', 'Strong Trend', 'Supply Zone', 'Session Overlap']",1.5,2.5,4.0
2025-06-14 16:00:00,Strong Sell,104457.85,104340.82189999998,104633.39215000004,104750.42025000007,104925.9624000001,Strong,"['High Volume', 'Strong Trend', 'Supply Zone', 'Session Overlap']",1.5,2.5,4.0
2025-06-15 20:00:00,Strong Sell,104729.53,104340.82189999998,105312.59215000003,105701.30025000004,106284.36240000007,Strong,"['High Volume', 'Supply Zone', 'NY Session']",1.5,2.5,4.0
2025-06-16 14:00:00,Super Buy,107533.5,105963.08319500001,109889.12520749998,111459.54201249997,113815.16721999994,Super,"['High Volume', 'Strong Trend', 'Demand Zone', 'Session Overlap']",1.5,2.5,4.0
2025-06-16 19:00:00,Strong Buy,108652.0,107383.52068181819,110554.71897727271,111823.19829545452,113725.91727272724,Strong,"['High Volume', 'Strong Trend', 'Demand Zone', 'NY Session']",1.5,2.5,4.0
2025-06-17 14:00:00,Super Sell,104847.33,104340.82189999998,105607.09215000004,106113.60025000005,106873.36240000009,Super,"['High Volume', 'Strong Trend', 'Supply Zone', 'Session Overlap']",1.5,2.5,4.0
2025-06-17 15:00:00,Super Sell,104241.63,103922.15277857143,104720.84583214286,105040.32305357145,105519.53888571431,Super,"['High Volume', 'Strong Trend', 'Supply Zone', 'Session Overlap']",1.5,2.5,4.0
2025-06-17 16:00:00,Super Sell,103630.67,103235.6862125,104223.14568125,104618.12946874998,105210.60514999997,Super,"['High Volume', 'Strong Trend', 'Supply Zone', 'Session Overlap']",1.5,2.5,4.0
2025-06-18 13:00:00,Strong Buy,104439.81,103262.149725,106206.3004125,107383.9606875,109150.4511,Strong,"['High Volume', 'Strong Trend', 'Hammer Pattern', 'London Session']",1.5,2.5,4.0
2025-06-18 15:00:00,Super Buy,104801.01,103262.149725,107109.30041249999,108648.1606875,110956.45109999999,Super,"['High Volume', 'Strong Trend', 'Demand Zone', 'Session Overlap']",1.5,2.5,4.0
2025-06-18 18:00:00,Strong Sell,103623.39,103235.6862125,104204.94568124998,104592.64946875,105174.20514999998,Strong,"['High Volume', 'Strong Trend', 'Supply Zone', 'NY Session']",1.5,2.5,4.0
2025-06-21 15:00:00,Strong Buy,103560.9,102203.55761666666,105596.913575,106954.25595833334,108990.26953333334,Strong,"['High Volume', 'Strong Trend', 'Demand Zone', 'Session Overlap']",1.5,2.5,4.0
2025-06-22 15:00:00,Super Sell,98906.21,98513.74312500001,99494.9103125,99887.37718750001,100476.0775,Super,"['High Volume', 'Strong Trend', 'Supply Zone', 'Session Overlap']",1.5,2.5,4.0
2025-06-23 13:00:00,Strong Buy,102354.14,100917.57223571428,104508.99164642858,105945.5594107143,108100.41105714288,Strong,"['High Volume', 'Demand Zone', 'London Session']",1.5,2.5,4.0
2025-06-23 17:00:00,Strong Buy,102484.02,101735.35934615384,103607.01098076925,104355.67163461541,105478.66261538466,Strong,"['High Volume', 'Demand Zone', 'NY Session']",1.5,2.5,4.0
2025-06-23 18:00:00,Strong Buy,102933.78,101735.35934615384,104731.41098076923,105929.8316346154,107727.46261538463,Strong,"['High Volume', 'Demand Zone', 'NY Session']",1.5,2.5,4.0
2025-06-25 13:00:00,Super Buy,107923.21,106712.49519444443,109739.28220833337,110949.99701388893,112766.0692222223,Super,"['High Volume', 'Strong Trend', 'Demand Zone', 'London Session']",1.5,2.5,4.0
2025-06-26 13:00:00,Strong Sell,106960.01,106590.57781071428,107514.15828392855,107883.59047321428,108437.73875714284,Strong,"['High Volume', 'Strong Trend', 'Supply Zone', 'London Session']",1.5,2.5,4.0
2025-06-27 08:00:00,Strong Buy,106998.53,105545.72779166668,109177.73331249997,110630.5355208333,112809.73883333328,Strong,"['High Volume', 'Demand Zone', 'London Session']",1.5,2.5,4.0
2025-06-27 09:00:00,Strong Buy,107083.8,105545.72779166668,109390.90831249999,110928.98052083331,113236.0888333333,Strong,"['High Volume', 'Demand Zone', 'London Session']",1.5,2.5,4.0
2025-06-27 14:00:00,Super Sell,106557.79,106247.65960714285,107022.9855892857,107333.11598214286,107798.31157142857,Super,"['High Volume', 'Strong Trend', 'Bearish Engulfing', 'Supply Zone', 'Session Overlap']",1.5,2.5,4.0
2025-06-28 15:00:00,Strong Buy,107449.28,105963.08319500001,109678.57520749998,111164.77201249996,113394.06721999994,Strong,"['High Volume', 'Demand Zone', 'Session Overlap']",1.5,2.5,4.0
2025-06-29 09:00:00,Strong Buy,107891.64,106316.24915833332,110254.72626250001,111830.11710416671,114193.20336666673,Strong,"['High Volume', 'Demand Zone', 'London Session']",1.5,2.5,4.0
2025-06-29 10:00:00,Strong Buy,108153.26,106712.49519444443,110314.40720833334,111755.17201388889,113916.31922222224,Strong,"['High Volume', 'Demand Zone', 'London Session']",1.5,2.5,4.0
2025-06-29 11:00:00,Strong Buy,108477.11,106991.389825,110705.6902625,112191.41043749999,114419.99069999998,Strong,"['High Volume', 'Strong Trend', 'Demand Zone', 'London Session']",1.5,2.5,4.0
2025-06-30 13:00:00,Strong Sell,107525.49,107356.3914,107779.13790000003,107948.23650000003,108201.88440000005,Strong,"['High Volume', 'Supply Zone', 'London Session']",1.5,2.5,4.0
2025-06-30 14:00:00,Super Sell,106803.32,106590.57781071428,107122.43328392859,107335.17547321432,107654.2887571429,Super,"['High Volume', 'Strong Trend', 'Supply Zone', 'Session Overlap']",1.5,2.5,4.0
2025-07-01 14:00:00,Super Sell,105925.0,105419.24496666664,106683.63255000004,107189.38758333342,107948.02013333346,Super,"['High Volume', 'Strong Trend', 'Bearish Engulfing', 'Supply Zone', 'Session Overlap']",1.5,2.5,4.0
2025-07-02 14:00:00,Super Buy,108139.99,106712.49519444443,110281.23220833336,111708.72701388894,113849.9692222223,Super,"['High Volume', 'Strong Trend', 'Demand Zone', 'Session Overlap']",1.5,2.5,4.0
2025-07-02 15:00:00,Super Buy,108737.74,107383.52068181819,110769.06897727272,112123.28829545455,114154.61727272726,Super,"['High Volume', 'Strong Trend', 'Demand Zone', 'Session Overlap']",1.5,2.5,4.0
2025-07-02 16:00:00,Super Buy,109413.02,107950.79838235294,111606.3524264706,113068.57404411767,115261.90647058828,Super,"['High Volume', 'Strong Trend', 'Demand Zone', 'Session Overlap']",1.5,2.5,4.0
2025-07-02 19:00:00,Strong Buy,109676.14,108394.26321000002,111598.95518499997,112880.83197499995,114803.64715999992,Strong,"['High Volume', 'Strong Trend', 'Demand Zone', 'NY Session']",1.5,2.5,4.0
2025-07-03 12:00:00,Strong Sell,109167.99,108668.66747,109916.97379500001,110416.29632500002,111165.28012000002,Strong,"['High Volume', 'Strong Trend', 'Supply Zone', 'London Session']",1.5,2.5,4.0
2025-07-04 13:00:00,Strong Sell,107970.23,107764.67823333331,108278.55765000003,108484.1094166667,108792.43706666674,Strong,"['High Volume', 'Strong Trend', 'Supply Zone', 'London Session']",1.5,2.5,4.0
2025-07-04 15:00:00,Super Sell,107573.29,107356.3914,107898.6379,108115.53649999999,108440.8844,Super,"['High Volume', 'Strong Trend', 'Supply Zone', 'Session Overlap']",1.5,2.5,4.0
2025-07-04 18:00:00,Strong Sell,107489.23,107356.3914,107688.48790000001,107821.3265,108020.5844,Strong,"['High Volume', 'Strong Trend', 'Supply Zone', 'NY Session']",1.5,2.5,4.0
2025-07-06 08:00:00,Strong Sell,108005.27,107764.67823333331,108366.15765000004,108606.74941666675,108967.63706666678,Strong,"['High Volume', 'Supply Zone', 'London Session']",1.5,2.5,4.0
2025-07-06 14:00:00,Strong Buy,108933.25,107383.52068181819,111257.84397727271,112807.57329545452,115132.16727272724,Strong,"['High Volume', 'Demand Zone', 'Session Overlap']",1.5,2.5,4.0
2025-07-07 10:00:00,Strong Sell,108664.14,108232.1821392857,109312.07679107145,109744.03465178577,110391.97144285722,Strong,"['High Volume', 'Supply Zone', 'London Session']",1.5,2.5,4.0
2025-07-07 12:00:00,Strong Sell,108346.85,108232.1821392857,108518.85179107147,108633.51965178578,108805.52144285725,Strong,"['High Volume', 'Supply Zone', 'London Session']",1.5,2.5,4.0
2025-07-08 13:00:00,Strong Buy,109034.61,107950.79838235294,110660.3274264706,111744.13904411766,113369.85647058826,Strong,"['High Volume', 'Strong Trend', 'Demand Zone', 'London Session']",1.5,2.5,4.0
2025-07-08 17:00:00,Strong Buy,108991.0,107383.52068181819,111402.21897727271,113009.69829545452,115420.91727272724,Strong,"['High Volume', 'Demand Zone', 'NY Session']",1.5,2.5,4.0
2025-07-08 18:00:00,Strong Buy,109147.56,107950.79838235294,110942.70242647058,112139.46404411766,113934.60647058825,Strong,"['High Volume', 'Demand Zone', 'NY Session']",1.5,2.5,4.0
2025-07-09 15:00:00,Strong Buy,109071.32,107950.79838235294,110752.1024264706,111872.62404411769,113553.40647058829,Strong,"['High Volume', 'Demand Zone', 'Session Overlap']",1.5,2.5,4.0
2025-07-09 19:00:00,Strong Buy,111750.0,110292.85455,113935.71817499999,115392.863625,117578.58179999999,Strong,"['High Volume', 'Demand Zone', 'NY Session']",1.5,2.5,4.0
2025-07-12 12:00:00,Super Sell,117559.97,118838.89494999999,115641.58257500002,114362.65762500004,112444.27020000006,Super,"['High Volume', 'Strong Trend', 'Supply Zone', 'London Session']",1.5,2.5,4.0
2025-07-12 15:00:00,Strong Sell,117100.01,118838.89494999999,114491.68257500001,112752.797625,110144.47020000003,Strong,"['High Volume', 'Strong Trend', 'Supply Zone', 'Session Overlap']",1.5,2.5,4.0
